x,y
-90.46199701937408, -18.78787878787881
-75.55886736214606, -2.1212121212121247
-75.2608047690015, 3.636363636363626
-75.55886736214606, -28.181818181818187
-75.55886736214606, -36.96969696969697
-60.357675111773474, -11.515151515151501
-60.357675111773474, -16.06060606060609
-50.52160953800298, -18.181818181818215
-49.92548435171385, -39.69696969696972
-40.38748137108793, -14.848484848484873
-30.253353204172868, -5.15151515151517
-15.350223546944846, 1.818181818181813
-15.052160953800296, 8.787878787878782
-20.41728763040237, 17.272727272727266
-20.11922503725782, 22.424242424242422
-10.283159463487323, 15.151515151515156
-5.216095380029799, 6.36363636363636
-5.216095380029799, 5.454545454545439
-5.216095380029799, 15.75757575757575
-5.216095380029799, 18.787878787878782
-6.408345752608028, 24.848484848484844
-5.216095380029799, 34.54545454545455
-5.216095380029799, 38.484848484848484
-6.408345752608028, 42.42424242424242
-3.427719821162441, 49.09090909090908
-6.706408345752607, 56.36363636363636
-6.706408345752607, 60.303030303030305
-3.427719821162441, 60.303030303030305
-2.831594634873312, 56.36363636363636
4.02384500745157, 88.4848484848485
4.02384500745157, 80.30303030303031
4.02384500745157, 56.66666666666667
17.138599105812233, 67.57575757575756
4.02384500745157, 49.39393939393939
4.02384500745157, 44.848484848484844
4.02384500745157, 38.484848484848484
4.02384500745157, 34.848484848484844
4.02384500745157, 33.333333333333314
6.110283159463478, 35.151515151515156
9.090909090909093, 40.3030303030303
0.1490312965722751, 23.03030303030303
4.02384500745157, 26.96969696969697
4.02384500745157, 24.242424242424235
4.02384500745157, 15.454545454545453
4.02384500745157, 14.242424242424235
4.02384500745157, 10.303030303030297
3.725782414306991, 6.969696969696955
4.32190760059612, 5.151515151515142
3.725782414306991, 3.030303030303017
8.196721311475414, 5.151515151515142
15.350223546944846, 17.272727272727266
14.157973174366617, 11.515151515151501
15.350223546944846, 1.818181818181813
4.02384500745157, -13.636363636363626
4.02384500745157, -16.969696969696997
4.02384500745157, -27.878787878787904
34.12816691505216, 1.818181818181813
34.12816691505216, -25.151515151515156
44.26229508196721, -21.81818181818184
59.46348733233981, -25.75757575757578
65.72280178837556, -18.181818181818215
64.23248882265278, -9.090909090909093
69.59761549925486, -10
74.36661698956783, -7.878787878787904
74.66467958271238, -3.9393939393939377
74.66467958271238, -1.2121212121212182
74.36661698956783, -15.454545454545467
74.66467958271238, -21.81818181818184
74.36661698956783, -30.30303030303031
74.66467958271238, -31.51515151515153
74.66467958271238, 14.545454545454533
84.50074515648288, 4.848484848484844
89.5678092399404, 0.30303030303029743
