repeat,step,model,mse
0,0,predictive_dendrites,0.265625
0,1,predictive_dendrites,0.078125
0,2,predictive_dendrites,0.078125
0,3,predictive_dendrites,0.0625
0,4,predictive_dendrites,0.0
0,5,predictive_dendrites,0.0
0,6,predictive_dendrites,0.0
0,7,predictive_dendrites,0.0
0,8,predictive_dendrites,0.0
0,9,predictive_dendrites,0.0
0,10,predictive_dendrites,0.0
0,11,predictive_dendrites,0.0
0,12,predictive_dendrites,0.0
0,13,predictive_dendrites,0.0
0,14,predictive_dendrites,0.0
0,15,predictive_dendrites,0.0
0,16,predictive_dendrites,0.0
0,17,predictive_dendrites,0.0
0,18,predictive_dendrites,0.0
0,19,predictive_dendrites,0.0
1,0,predictive_dendrites,0.3125
1,1,predictive_dendrites,0.015625
1,2,predictive_dendrites,0.015625
1,3,predictive_dendrites,0.0
1,4,predictive_dendrites,0.0
1,5,predictive_dendrites,0.0
1,6,predictive_dendrites,0.0
1,7,predictive_dendrites,0.0
1,8,predictive_dendrites,0.0
1,9,predictive_dendrites,0.0
1,10,predictive_dendrites,0.0
1,11,predictive_dendrites,0.0
1,12,predictive_dendrites,0.0
1,13,predictive_dendrites,0.0
1,14,predictive_dendrites,0.0
1,15,predictive_dendrites,0.0
1,16,predictive_dendrites,0.0
1,17,predictive_dendrites,0.0
1,18,predictive_dendrites,0.0
1,19,predictive_dendrites,0.0
2,0,predictive_dendrites,0.3125
2,1,predictive_dendrites,0.078125
2,2,predictive_dendrites,0.015625
2,3,predictive_dendrites,0.0
2,4,predictive_dendrites,0.0
2,5,predictive_dendrites,0.0
2,6,predictive_dendrites,0.0
2,7,predictive_dendrites,0.0
2,8,predictive_dendrites,0.0
2,9,predictive_dendrites,0.0
2,10,predictive_dendrites,0.0
2,11,predictive_dendrites,0.0
2,12,predictive_dendrites,0.0
2,13,predictive_dendrites,0.0
2,14,predictive_dendrites,0.0
2,15,predictive_dendrites,0.0
2,16,predictive_dendrites,0.0
2,17,predictive_dendrites,0.0
2,18,predictive_dendrites,0.0
2,19,predictive_dendrites,0.0
3,0,predictive_dendrites,0.5
3,1,predictive_dendrites,0.265625
3,2,predictive_dendrites,0.0625
3,3,predictive_dendrites,0.0625
3,4,predictive_dendrites,0.0
3,5,predictive_dendrites,0.0
3,6,predictive_dendrites,0.0
3,7,predictive_dendrites,0.0
3,8,predictive_dendrites,0.0
3,9,predictive_dendrites,0.0
3,10,predictive_dendrites,0.0
3,11,predictive_dendrites,0.0
3,12,predictive_dendrites,0.0
3,13,predictive_dendrites,0.0
3,14,predictive_dendrites,0.0
3,15,predictive_dendrites,0.0
3,16,predictive_dendrites,0.0
3,17,predictive_dendrites,0.0
3,18,predictive_dendrites,0.0
3,19,predictive_dendrites,0.0
4,0,predictive_dendrites,0.265625
4,1,predictive_dendrites,0.0625
4,2,predictive_dendrites,0.0
4,3,predictive_dendrites,0.0
4,4,predictive_dendrites,0.0
4,5,predictive_dendrites,0.0
4,6,predictive_dendrites,0.0
4,7,predictive_dendrites,0.0
4,8,predictive_dendrites,0.0
4,9,predictive_dendrites,0.0
4,10,predictive_dendrites,0.0
4,11,predictive_dendrites,0.0
4,12,predictive_dendrites,0.0
4,13,predictive_dendrites,0.0
4,14,predictive_dendrites,0.0
4,15,predictive_dendrites,0.0
4,16,predictive_dendrites,0.0
4,17,predictive_dendrites,0.0
4,18,predictive_dendrites,0.0
4,19,predictive_dendrites,0.0
5,0,predictive_dendrites,0.3125
5,1,predictive_dendrites,0.25
5,2,predictive_dendrites,0.0625
5,3,predictive_dendrites,0.0625
5,4,predictive_dendrites,0.0
5,5,predictive_dendrites,0.0
5,6,predictive_dendrites,0.0
5,7,predictive_dendrites,0.0
5,8,predictive_dendrites,0.0
5,9,predictive_dendrites,0.0
5,10,predictive_dendrites,0.0
5,11,predictive_dendrites,0.0
5,12,predictive_dendrites,0.0
5,13,predictive_dendrites,0.0
5,14,predictive_dendrites,0.0
5,15,predictive_dendrites,0.0
5,16,predictive_dendrites,0.0
5,17,predictive_dendrites,0.0
5,18,predictive_dendrites,0.0
5,19,predictive_dendrites,0.0
6,0,predictive_dendrites,0.265625
6,1,predictive_dendrites,0.015625
6,2,predictive_dendrites,0.0
6,3,predictive_dendrites,0.0
6,4,predictive_dendrites,0.0
6,5,predictive_dendrites,0.0
6,6,predictive_dendrites,0.0
6,7,predictive_dendrites,0.0
6,8,predictive_dendrites,0.0
6,9,predictive_dendrites,0.0
6,10,predictive_dendrites,0.0
6,11,predictive_dendrites,0.0
6,12,predictive_dendrites,0.0
6,13,predictive_dendrites,0.0
6,14,predictive_dendrites,0.0
6,15,predictive_dendrites,0.0
6,16,predictive_dendrites,0.0
6,17,predictive_dendrites,0.0
6,18,predictive_dendrites,0.0
6,19,predictive_dendrites,0.0
7,0,predictive_dendrites,0.265625
7,1,predictive_dendrites,0.078125
7,2,predictive_dendrites,0.0
7,3,predictive_dendrites,0.0
7,4,predictive_dendrites,0.0
7,5,predictive_dendrites,0.0
7,6,predictive_dendrites,0.0
7,7,predictive_dendrites,0.0
7,8,predictive_dendrites,0.0
7,9,predictive_dendrites,0.0
7,10,predictive_dendrites,0.0
7,11,predictive_dendrites,0.0
7,12,predictive_dendrites,0.0
7,13,predictive_dendrites,0.0
7,14,predictive_dendrites,0.0
7,15,predictive_dendrites,0.0
7,16,predictive_dendrites,0.0
7,17,predictive_dendrites,0.0
7,18,predictive_dendrites,0.0
7,19,predictive_dendrites,0.0
8,0,predictive_dendrites,0.25
8,1,predictive_dendrites,0.0625
8,2,predictive_dendrites,0.0
8,3,predictive_dendrites,0.0
8,4,predictive_dendrites,0.0
8,5,predictive_dendrites,0.0
8,6,predictive_dendrites,0.0
8,7,predictive_dendrites,0.0
8,8,predictive_dendrites,0.0
8,9,predictive_dendrites,0.0
8,10,predictive_dendrites,0.0
8,11,predictive_dendrites,0.0
8,12,predictive_dendrites,0.0
8,13,predictive_dendrites,0.0
8,14,predictive_dendrites,0.0
8,15,predictive_dendrites,0.0
8,16,predictive_dendrites,0.0
8,17,predictive_dendrites,0.0
8,18,predictive_dendrites,0.0
8,19,predictive_dendrites,0.0
9,0,predictive_dendrites,0.203125
9,1,predictive_dendrites,0.125
9,2,predictive_dendrites,0.0625
9,3,predictive_dendrites,0.0625
9,4,predictive_dendrites,0.0625
9,5,predictive_dendrites,0.0
9,6,predictive_dendrites,0.0
9,7,predictive_dendrites,0.0
9,8,predictive_dendrites,0.0
9,9,predictive_dendrites,0.0
9,10,predictive_dendrites,0.0
9,11,predictive_dendrites,0.0
9,12,predictive_dendrites,0.0
9,13,predictive_dendrites,0.0
9,14,predictive_dendrites,0.0
9,15,predictive_dendrites,0.0
9,16,predictive_dendrites,0.0
9,17,predictive_dendrites,0.0
9,18,predictive_dendrites,0.0
9,19,predictive_dendrites,0.0
0,0,classic_stdp,0.265625
0,1,classic_stdp,0.5
0,2,classic_stdp,0.5
0,3,classic_stdp,0.5
0,4,classic_stdp,0.5
0,5,classic_stdp,0.5
0,6,classic_stdp,0.5
0,7,classic_stdp,0.5
0,8,classic_stdp,0.5
0,9,classic_stdp,0.5
0,10,classic_stdp,0.5
0,11,classic_stdp,0.5
0,12,classic_stdp,0.5
0,13,classic_stdp,0.5
0,14,classic_stdp,0.5
0,15,classic_stdp,0.5
0,16,classic_stdp,0.5
0,17,classic_stdp,0.5
0,18,classic_stdp,0.5
0,19,classic_stdp,0.5
1,0,classic_stdp,0.3125
1,1,classic_stdp,0.5
1,2,classic_stdp,0.5
1,3,classic_stdp,0.5
1,4,classic_stdp,0.5
1,5,classic_stdp,0.5
1,6,classic_stdp,0.5
1,7,classic_stdp,0.5
1,8,classic_stdp,0.5
1,9,classic_stdp,0.5
1,10,classic_stdp,0.5
1,11,classic_stdp,0.5
1,12,classic_stdp,0.5
1,13,classic_stdp,0.5
1,14,classic_stdp,0.5
1,15,classic_stdp,0.5
1,16,classic_stdp,0.5
1,17,classic_stdp,0.5
1,18,classic_stdp,0.5
1,19,classic_stdp,0.5
2,0,classic_stdp,0.265625
2,1,classic_stdp,0.5
2,2,classic_stdp,0.5
2,3,classic_stdp,0.5
2,4,classic_stdp,0.5
2,5,classic_stdp,0.5
2,6,classic_stdp,0.5
2,7,classic_stdp,0.5
2,8,classic_stdp,0.5
2,9,classic_stdp,0.5
2,10,classic_stdp,0.5
2,11,classic_stdp,0.5
2,12,classic_stdp,0.5
2,13,classic_stdp,0.5
2,14,classic_stdp,0.5
2,15,classic_stdp,0.5
2,16,classic_stdp,0.5
2,17,classic_stdp,0.5
2,18,classic_stdp,0.5
2,19,classic_stdp,0.5
3,0,classic_stdp,0.1875
3,1,classic_stdp,0.5
3,2,classic_stdp,0.5
3,3,classic_stdp,0.5
3,4,classic_stdp,0.5
3,5,classic_stdp,0.5
3,6,classic_stdp,0.5
3,7,classic_stdp,0.5
3,8,classic_stdp,0.5
3,9,classic_stdp,0.5
3,10,classic_stdp,0.5
3,11,classic_stdp,0.5
3,12,classic_stdp,0.5
3,13,classic_stdp,0.5
3,14,classic_stdp,0.5
3,15,classic_stdp,0.5
3,16,classic_stdp,0.5
3,17,classic_stdp,0.5
3,18,classic_stdp,0.5
3,19,classic_stdp,0.5
4,0,classic_stdp,0.265625
4,1,classic_stdp,0.5
4,2,classic_stdp,0.5
4,3,classic_stdp,0.5
4,4,classic_stdp,0.5
4,5,classic_stdp,0.5
4,6,classic_stdp,0.5
4,7,classic_stdp,0.5
4,8,classic_stdp,0.5
4,9,classic_stdp,0.5
4,10,classic_stdp,0.5
4,11,classic_stdp,0.5
4,12,classic_stdp,0.5
4,13,classic_stdp,0.5
4,14,classic_stdp,0.5
4,15,classic_stdp,0.5
4,16,classic_stdp,0.5
4,17,classic_stdp,0.5
4,18,classic_stdp,0.5
4,19,classic_stdp,0.5
5,0,classic_stdp,0.265625
5,1,classic_stdp,0.5
5,2,classic_stdp,0.5
5,3,classic_stdp,0.5
5,4,classic_stdp,0.5
5,5,classic_stdp,0.5
5,6,classic_stdp,0.5
5,7,classic_stdp,0.5
5,8,classic_stdp,0.5
5,9,classic_stdp,0.5
5,10,classic_stdp,0.5
5,11,classic_stdp,0.5
5,12,classic_stdp,0.5
5,13,classic_stdp,0.5
5,14,classic_stdp,0.5
5,15,classic_stdp,0.5
5,16,classic_stdp,0.5
5,17,classic_stdp,0.5
5,18,classic_stdp,0.5
5,19,classic_stdp,0.5
6,0,classic_stdp,0.265625
6,1,classic_stdp,0.5
6,2,classic_stdp,0.5
6,3,classic_stdp,0.5
6,4,classic_stdp,0.5
6,5,classic_stdp,0.5
6,6,classic_stdp,0.5
6,7,classic_stdp,0.5
6,8,classic_stdp,0.5
6,9,classic_stdp,0.5
6,10,classic_stdp,0.5
6,11,classic_stdp,0.5
6,12,classic_stdp,0.5
6,13,classic_stdp,0.5
6,14,classic_stdp,0.5
6,15,classic_stdp,0.5
6,16,classic_stdp,0.5
6,17,classic_stdp,0.5
6,18,classic_stdp,0.5
6,19,classic_stdp,0.5
7,0,classic_stdp,0.078125
7,1,classic_stdp,0.5
7,2,classic_stdp,0.5
7,3,classic_stdp,0.5
7,4,classic_stdp,0.5
7,5,classic_stdp,0.5
7,6,classic_stdp,0.5
7,7,classic_stdp,0.5
7,8,classic_stdp,0.5
7,9,classic_stdp,0.5
7,10,classic_stdp,0.5
7,11,classic_stdp,0.5
7,12,classic_stdp,0.5
7,13,classic_stdp,0.5
7,14,classic_stdp,0.5
7,15,classic_stdp,0.5
7,16,classic_stdp,0.5
7,17,classic_stdp,0.5
7,18,classic_stdp,0.5
7,19,classic_stdp,0.5
8,0,classic_stdp,0.125
8,1,classic_stdp,0.5
8,2,classic_stdp,0.5
8,3,classic_stdp,0.5
8,4,classic_stdp,0.5
8,5,classic_stdp,0.5
8,6,classic_stdp,0.5
8,7,classic_stdp,0.5
8,8,classic_stdp,0.5
8,9,classic_stdp,0.5
8,10,classic_stdp,0.5
8,11,classic_stdp,0.5
8,12,classic_stdp,0.5
8,13,classic_stdp,0.5
8,14,classic_stdp,0.5
8,15,classic_stdp,0.5
8,16,classic_stdp,0.5
8,17,classic_stdp,0.5
8,18,classic_stdp,0.5
8,19,classic_stdp,0.5
9,0,classic_stdp,0.125
9,1,classic_stdp,0.5
9,2,classic_stdp,0.5
9,3,classic_stdp,0.5
9,4,classic_stdp,0.5
9,5,classic_stdp,0.5
9,6,classic_stdp,0.5
9,7,classic_stdp,0.5
9,8,classic_stdp,0.5
9,9,classic_stdp,0.5
9,10,classic_stdp,0.5
9,11,classic_stdp,0.5
9,12,classic_stdp,0.5
9,13,classic_stdp,0.5
9,14,classic_stdp,0.5
9,15,classic_stdp,0.5
9,16,classic_stdp,0.5
9,17,classic_stdp,0.5
9,18,classic_stdp,0.5
9,19,classic_stdp,0.5
